Company,Title,Category,Location,Season,Posted,URL
Intel,"Research Scientist Intern - Graphics, ML",Data & ML/AI,Virtual US,Summer 2027,Posted Tod,https://intel.wd1.myworkdayjobs.com/en-US/external/job/Virtual-US/Research-Scientist-Intern---Graphics--ML_JR0287525
Intel,Firmware Development Undergraduate Engineering Co-op,Software,Virtual Canada,Summer 2027,Posted Tod,https://intel.wd1.myworkdayjobs.com/en-US/external/job/Virtual-Canada/Firmware-Development-Undergraduate-Engineering-Co-op_JR0286862
Medtronic,Co-op/Apprentice (Non-Tech),Other,"Bangalore , Karnataka, India",Summer 2027,Posted 8 D,https://medtronic.wd1.myworkdayjobs.com/en-US/redeploymentmedtroniccareers/job/Bangalore--Karnataka-India/Co-op-Apprentice--Non-Tech-_R66904
Valeo,Intern - AI,Data & ML/AI,Chennai,Summer 2027,Posted 30+,https://valeo.wd3.myworkdayjobs.com/en-US/valeo_jobs/job/Chennai/Intern---AI_REQ2025061319
Pinterest,Software Engineer Intern 2027 (USA),Software,"San Francisco, CA, US; Remote, US",Summer 2027,2026-10-01,https://www.pinterestcareers.com/jobs/?gh_jid=7838577
Fampay,Security Engineer Intern,Software,Bengaluru,Summer 2027,2026-09-23,https://jobs.lever.co/fampay/bbbbbfd2-1855-4991-82d5-84ef57607c24
Tanium,Cloud Security Intern,Software,"Durham, NC (Hybrid)",Summer 2027,2026-09-22,https://job-boards.greenhouse.io/tanium/jobs/8176398
Upstart,Applied Scientist Intern,Data & ML/AI,United States | Remote,Summer 2027,2026-09-18,https://careers.upstart.com/jobs?gh_jid=8213476
Thoughtworks,Developer (Vapasi) - Intern,Software,"Bangalore, India",Summer 2027,2026-09-17,https://www.thoughtworks.com/careers/jobs/8210384?gh_jid=8210384
Tanium,Software Engineering Intern – Summer 2027,Software,"Durham, NC (Hybrid); Emeryville, CA (Hybrid)",Summer 2027,2026-09-10,https://job-boards.greenhouse.io/tanium/jobs/8181017
Coinbase,Software Engineer Intern,Software,"Hybrid - San Francisco, CA",Summer 2027,2026-09-08,https://www.coinbase.com/careers/positions/8168315?gh_jid=8168315
Coinbase,Machine Learning Engineer Intern,Data & ML/AI,"Hybrid - San Francisco, CA",Summer 2027,2026-09-08,https://www.coinbase.com/careers/positions/8175441?gh_jid=8175441
Coinbase,Data Engineer Intern,Data & ML/AI,"Hybrid - San Francisco, CA",Summer 2027,2026-09-08,https://www.coinbase.com/careers/positions/8175459?gh_jid=8175459
Coinbase,Data Science Intern,Data & ML/AI,"Hybrid - New York, NY",Summer 2027,2026-09-08,https://www.coinbase.com/careers/positions/8175462?gh_jid=8175462
Coinbase,Analytics Engineer Intern,Data & ML/AI,"Hybrid - New York, NY",Summer 2027,2026-09-08,https://www.coinbase.com/careers/positions/8175471?gh_jid=8175471
Rubrik,Software Engineer - Winter Intern,Software,Bangalore,Term Unconfirmed,2026-09-06,https://www.rubrik.com/company/careers/departments/job.8166523?gh_jid=8166523
Rubrik,Software Engineer (CPD) - Winter Intern,Software,Bangalore,Term Unconfirmed,2026-09-06,https://www.rubrik.com/company/careers/departments/job.8166537?gh_jid=8166537
NewsBreak,"New Market Launch Intern (MBA), Nearby AI",Data & ML/AI,"Bellevue, Washington, United States; Mountain View, California, United States; New York, New York, United States; Remote",Summer 2027,2026-09-03,https://job-boards.greenhouse.io/newsbreak/jobs/4711146006
